"INDEX","TIME","ROAD","LI","CONTRI","LEN","FS","JF","CF","SP","DE"
0,0.03333333333333333,Pokharan No. 1 Road,502+03206,Cadbury Company Chowk/Eastern Express Highway,0.6611100000000001,20,0.51878,0.7,12.9,-
1,67.03333333333333,Pokharan No. 1 Road,502+03206,Cadbury Company Chowk/Eastern Express Highway,0.6611100000000001,20,0.57028,0.7,12.19,-
2,77.05,Pokharan No. 1 Road,502+03206,Cadbury Company Chowk/Eastern Express Highway,0.6611100000000001,20,0.57784,0.7,12.08,-
3,87.05,Pokharan No. 1 Road,502+03206,Cadbury Company Chowk/Eastern Express Highway,0.6611100000000001,20,0.58119,0.7,12.04,-
4,97.03333333333332,Pokharan No. 1 Road,502+03206,Cadbury Company Chowk/Eastern Express Highway,0.6611100000000001,20,0.66786,0.72,10.84,-
5,107.05,Pokharan No. 1 Road,502+03206,Cadbury Company Chowk/Eastern Express Highway,0.6611100000000001,20,0.62371,0.71,11.45,-
6,117.05,Pokharan No. 1 Road,502+03206,Cadbury Company Chowk/Eastern Express Highway,0.6611100000000001,20,0.60224,0.7,11.75,-
7,127.06666666666666,Pokharan No. 1 Road,502+03206,Cadbury Company Chowk/Eastern Express Highway,0.6611100000000001,20,0.59223,0.7,11.88,-
8,137.05,Pokharan No. 1 Road,502+03206,Cadbury Company Chowk/Eastern Express Highway,0.6611100000000001,20,0.58766,0.7,11.95,-
9,147.18333333333334,Pokharan No. 1 Road,502+03206,Cadbury Company Chowk/Eastern Express Highway,0.6611100000000001,20,0.6268,0.7,11.41,-
10,157.03333333333333,Pokharan No. 1 Road,502+03206,Cadbury Company Chowk/Eastern Express Highway,0.6611100000000001,20,0.64273,0.74,11.19,-
11,167.15,Pokharan No. 1 Road,502+03206,Cadbury Company Chowk/Eastern Express Highway,0.6611100000000001,20,0.65018,0.71,11.08,-
12,177.23333333333332,Pokharan No. 1 Road,502+03206,Cadbury Company Chowk/Eastern Express Highway,0.6611100000000001,20,0.65348,0.7,11.04,-
13,187.03333333333333,Pokharan No. 1 Road,502+03206,Cadbury Company Chowk/Eastern Express Highway,0.6611100000000001,20,0.6517000000000001,0.71,11.06,-
14,196.03333333333333,Pokharan No. 1 Road,502+03206,Cadbury Company Chowk/Eastern Express Highway,0.6611100000000001,20,0.65195,0.7,11.06,-
15,207.01666666666668,Pokharan No. 1 Road,502+03206,Cadbury Company Chowk/Eastern Express Highway,0.6611100000000001,20,0.73927,0.72,9.85,-
16,217.03333333333333,Pokharan No. 1 Road,502+03206,Cadbury Company Chowk/Eastern Express Highway,0.6611100000000001,20,0.73008,0.71,9.98,-
17,226.03333333333333,Pokharan No. 1 Road,502+03206,Cadbury Company Chowk/Eastern Express Highway,0.6611100000000001,20,0.69113,0.7,10.52,-
18,236.03333333333333,Pokharan No. 1 Road,502+03206,Cadbury Company Chowk/Eastern Express Highway,0.6611100000000001,20,0.66105,0.7,10.93,-
19,247.03333333333333,Pokharan No. 1 Road,502+03206,Cadbury Company Chowk/Eastern Express Highway,0.6611100000000001,20,0.65836,0.7,10.97,-
20,256.03333333333336,Pokharan No. 1 Road,502+03206,Cadbury Company Chowk/Eastern Express Highway,0.6611100000000001,20,0.65836,0.7,10.97,-
21,266.03333333333336,Pokharan No. 1 Road,502+03206,Cadbury Company Chowk/Eastern Express Highway,0.6611100000000001,20,0.65836,0.7,10.97,-
22,276.03333333333336,Pokharan No. 1 Road,502+03206,Cadbury Company Chowk/Eastern Express Highway,0.6611100000000001,20,0.65836,0.7,10.97,-
23,287.03333333333336,Pokharan No. 1 Road,502+03206,Cadbury Company Chowk/Eastern Express Highway,0.6611100000000001,20,0.65836,0.7,10.97,-
24,297.0833333333333,Pokharan No. 1 Road,502+03206,Cadbury Company Chowk/Eastern Express Highway,0.6611100000000001,20,0.65836,0.7,10.97,-
25,307.03333333333336,Pokharan No. 1 Road,502+03206,Cadbury Company Chowk/Eastern Express Highway,0.6611100000000001,20,0.69581,0.75,10.45,-
26,316.03333333333336,Pokharan No. 1 Road,502+03206,Cadbury Company Chowk/Eastern Express Highway,0.6611100000000001,20,0.6379900000000001,0.72,11.25,-
27,326.05,Pokharan No. 1 Road,502+03206,Cadbury Company Chowk/Eastern Express Highway,0.6611100000000001,20,0.5729,0.71,12.15,-
28,336.05,Pokharan No. 1 Road,502+03206,Cadbury Company Chowk/Eastern Express Highway,0.6611100000000001,20,0.54017,0.7,12.61,-
29,346.06666666666666,Pokharan No. 1 Road,502+03206,Cadbury Company Chowk/Eastern Express Highway,0.6611100000000001,20,0.52467,0.7,12.82,-
30,356.05,Pokharan No. 1 Road,502+03206,Cadbury Company Chowk/Eastern Express Highway,0.6611100000000001,20,0.47955,0.7,13.44,-
31,366.03333333333336,Pokharan No. 1 Road,502+03206,Cadbury Company Chowk/Eastern Express Highway,0.6611100000000001,20,0.45782999999999996,0.7,13.75,-
32,376.11666666666673,Pokharan No. 1 Road,502+03206,Cadbury Company Chowk/Eastern Express Highway,0.6611100000000001,20,0.44776,0.7,13.88,-
33,386.05,Pokharan No. 1 Road,502+03206,Cadbury Company Chowk/Eastern Express Highway,0.6611100000000001,20,0.40488,0.7,14.48,-
34,396.03333333333336,Pokharan No. 1 Road,502+03206,Cadbury Company Chowk/Eastern Express Highway,0.6611100000000001,20,0.40232999999999997,0.7,14.51,-
35,406.05,Pokharan No. 1 Road,502+03206,Cadbury Company Chowk/Eastern Express Highway,0.6611100000000001,20,0.38298,0.7,14.78,-
36,416.08333333333326,Pokharan No. 1 Road,502+03206,Cadbury Company Chowk/Eastern Express Highway,0.6611100000000001,20,0.33534,0.7,15.43,-
37,426.03333333333336,Pokharan No. 1 Road,502+03206,Cadbury Company Chowk/Eastern Express Highway,0.6611100000000001,20,0.29009999999999997,0.7,16.04,-
38,436.05,Pokharan No. 1 Road,502+03206,Cadbury Company Chowk/Eastern Express Highway,0.6611100000000001,20,0.25247,0.7,16.56,-
39,446.03333333333336,Pokharan No. 1 Road,502+03206,Cadbury Company Chowk/Eastern Express Highway,0.6611100000000001,20,0.15988,0.7,17.82,-
40,456.05,Pokharan No. 1 Road,502+03206,Cadbury Company Chowk/Eastern Express Highway,0.6611100000000001,20,0.09152,0.7,18.75,-
41,466.25,Pokharan No. 1 Road,502+03206,Cadbury Company Chowk/Eastern Express Highway,0.6611100000000001,20,0.04255,0.7,19.42,-
42,476.05,Pokharan No. 1 Road,502+03206,Cadbury Company Chowk/Eastern Express Highway,0.6611100000000001,20,0.0,0.7,20.26,-
43,486.05,Pokharan No. 1 Road,502+03206,Cadbury Company Chowk/Eastern Express Highway,0.6611100000000001,20,0.0,0.7,20.66,-
44,496.05,Pokharan No. 1 Road,502+03206,Cadbury Company Chowk/Eastern Express Highway,0.6611100000000001,20,0.0,0.7,20.85,-
45,506.05,Pokharan No. 1 Road,502+03206,Cadbury Company Chowk/Eastern Express Highway,0.6611100000000001,20,0.0,0.7,20.93,-
46,516.1833333333333,Pokharan No. 1 Road,502+03206,Cadbury Company Chowk/Eastern Express Highway,0.6611100000000001,20,0.0,0.7,20.97,-
47,526.05,Pokharan No. 1 Road,502+03206,Cadbury Company Chowk/Eastern Express Highway,0.6611100000000001,20,0.0,0.7,20.98,-
48,536.0333333333333,Pokharan No. 1 Road,502+03206,Cadbury Company Chowk/Eastern Express Highway,0.6611100000000001,20,0.0,0.7,20.98,-
49,546.0333333333333,Pokharan No. 1 Road,502+03206,Cadbury Company Chowk/Eastern Express Highway,0.6611100000000001,20,0.0,0.7,21.0,-
50,556.05,Pokharan No. 1 Road,502+03206,Cadbury Company Chowk/Eastern Express Highway,0.6611100000000001,20,0.0,0.7,21.0,-
51,566.05,Pokharan No. 1 Road,502+03206,Cadbury Company Chowk/Eastern Express Highway,0.6611100000000001,20,0.0,0.7,21.0,-
52,576.05,Pokharan No. 1 Road,502+03206,Cadbury Company Chowk/Eastern Express Highway,0.6611100000000001,20,0.0,0.7,21.0,-
53,586.0666666666667,Pokharan No. 1 Road,502+03206,Cadbury Company Chowk/Eastern Express Highway,0.6611100000000001,20,0.0,0.7,21.0,-
54,596.05,Pokharan No. 1 Road,502+03206,Cadbury Company Chowk/Eastern Express Highway,0.6611100000000001,20,0.0,0.7,21.0,-
55,606.05,Pokharan No. 1 Road,502+03206,Cadbury Company Chowk/Eastern Express Highway,0.6611100000000001,20,0.0,0.7,21.0,-
56,616.0333333333333,Pokharan No. 1 Road,502+03206,Cadbury Company Chowk/Eastern Express Highway,0.6611100000000001,20,0.0,0.7,21.0,-
57,626.05,Pokharan No. 1 Road,502+03206,Cadbury Company Chowk/Eastern Express Highway,0.6611100000000001,20,0.0,0.7,21.0,-
58,636.2333333333332,Pokharan No. 1 Road,502+03206,Cadbury Company Chowk/Eastern Express Highway,0.6611100000000001,20,0.0,0.7,21.0,-
59,646.0333333333333,Pokharan No. 1 Road,502+03206,Cadbury Company Chowk/Eastern Express Highway,0.6611100000000001,20,0.0,0.7,21.0,-
60,656.05,Pokharan No. 1 Road,502+03206,Cadbury Company Chowk/Eastern Express Highway,0.6611100000000001,20,0.0,0.7,21.0,-
61,666.0333333333333,Pokharan No. 1 Road,502+03206,Cadbury Company Chowk/Eastern Express Highway,0.6611100000000001,20,0.0,0.7,21.0,-
62,676.1833333333333,Pokharan No. 1 Road,502+03206,Cadbury Company Chowk/Eastern Express Highway,0.6611100000000001,20,0.0,0.7,21.0,-
63,686.0833333333334,Pokharan No. 1 Road,502+03206,Cadbury Company Chowk/Eastern Express Highway,0.6611100000000001,20,0.0,0.7,21.0,-
64,696.0333333333333,Pokharan No. 1 Road,502+03206,Cadbury Company Chowk/Eastern Express Highway,0.6611100000000001,20,0.0,0.7,21.0,-
65,706.0333333333333,Pokharan No. 1 Road,502+03206,Cadbury Company Chowk/Eastern Express Highway,0.6611100000000001,20,0.0,0.7,21.0,-
66,716.05,Pokharan No. 1 Road,502+03206,Cadbury Company Chowk/Eastern Express Highway,0.6611100000000001,20,0.0,0.7,21.0,-
67,726.05,Pokharan No. 1 Road,502+03206,Cadbury Company Chowk/Eastern Express Highway,0.6611100000000001,20,0.0,0.7,21.0,-
68,736.05,Pokharan No. 1 Road,502+03206,Cadbury Company Chowk/Eastern Express Highway,0.6611100000000001,20,0.0,0.7,21.0,-
69,746.0333333333333,Pokharan No. 1 Road,502+03206,Cadbury Company Chowk/Eastern Express Highway,0.6611100000000001,20,0.0,0.7,21.0,-
70,756.0833333333335,Pokharan No. 1 Road,502+03206,Cadbury Company Chowk/Eastern Express Highway,0.6611100000000001,20,0.0,0.7,21.0,-
71,766.05,Pokharan No. 1 Road,502+03206,Cadbury Company Chowk/Eastern Express Highway,0.6611100000000001,20,0.0,0.7,21.0,-
72,776.05,Pokharan No. 1 Road,502+03206,Cadbury Company Chowk/Eastern Express Highway,0.6611100000000001,20,0.0,0.7,21.0,-
73,786.05,Pokharan No. 1 Road,502+03206,Cadbury Company Chowk/Eastern Express Highway,0.6611100000000001,20,0.0,0.7,21.0,-
74,796.05,Pokharan No. 1 Road,502+03206,Cadbury Company Chowk/Eastern Express Highway,0.6611100000000001,20,0.0,0.7,21.0,-
75,806.2333333333332,Pokharan No. 1 Road,502+03206,Cadbury Company Chowk/Eastern Express Highway,0.6611100000000001,20,0.0,0.7,21.0,-
76,816.05,Pokharan No. 1 Road,502+03206,Cadbury Company Chowk/Eastern Express Highway,0.6611100000000001,20,0.0,0.7,21.0,-
77,826.0333333333333,Pokharan No. 1 Road,502+03206,Cadbury Company Chowk/Eastern Express Highway,0.6611100000000001,20,0.0,0.7,21.0,-
78,836.05,Pokharan No. 1 Road,502+03206,Cadbury Company Chowk/Eastern Express Highway,0.6611100000000001,20,0.0,0.7,20.44,-
79,846.05,Pokharan No. 1 Road,502+03206,Cadbury Company Chowk/Eastern Express Highway,0.6611100000000001,20,0.0,0.7,20.19,-
80,856.1166666666667,Pokharan No. 1 Road,502+03206,Cadbury Company Chowk/Eastern Express Highway,0.6611100000000001,20,0.0,0.7,20.09,-
81,866.05,Pokharan No. 1 Road,502+03206,Cadbury Company Chowk/Eastern Express Highway,0.6611100000000001,20,0.0,0.7,20.04,-
82,876.05,Pokharan No. 1 Road,502+03206,Cadbury Company Chowk/Eastern Express Highway,0.6611100000000001,20,0.0,0.7,20.02,-
83,886.05,Pokharan No. 1 Road,502+03206,Cadbury Company Chowk/Eastern Express Highway,0.6611100000000001,20,0.0,0.7,20.02,-
84,896.05,Pokharan No. 1 Road,502+03206,Cadbury Company Chowk/Eastern Express Highway,0.6611100000000001,20,0.04109,0.7,19.44,-
85,906.0333333333333,Pokharan No. 1 Road,502+03206,Cadbury Company Chowk/Eastern Express Highway,0.6611100000000001,20,0.05904,0.7,19.19,-
86,916.05,Pokharan No. 1 Road,502+03206,Cadbury Company Chowk/Eastern Express Highway,0.6611100000000001,20,0.06695,0.7,19.09,-
87,926.0833333333335,Pokharan No. 1 Road,502+03206,Cadbury Company Chowk/Eastern Express Highway,0.6611100000000001,20,0.07047,0.7,19.04,-
88,936.05,Pokharan No. 1 Road,502+03206,Cadbury Company Chowk/Eastern Express Highway,0.6611100000000001,20,0.07205,0.7,19.02,-
89,946.05,Pokharan No. 1 Road,502+03206,Cadbury Company Chowk/Eastern Express Highway,0.6611100000000001,20,0.07205,0.7,19.02,-
90,956.05,Pokharan No. 1 Road,502+03206,Cadbury Company Chowk/Eastern Express Highway,0.6611100000000001,20,0.07307,0.7,19.0,-
91,966.05,Pokharan No. 1 Road,502+03206,Cadbury Company Chowk/Eastern Express Highway,0.6611100000000001,20,0.0983,0.7,18.66,-
92,976.2333333333332,Pokharan No. 1 Road,502+03206,Cadbury Company Chowk/Eastern Express Highway,0.6611100000000001,20,0.12538,0.7,18.29,-
93,986.05,Pokharan No. 1 Road,502+03206,Cadbury Company Chowk/Eastern Express Highway,0.6611100000000001,20,0.22345,0.7,16.95,-
94,996.05,Pokharan No. 1 Road,502+03206,Cadbury Company Chowk/Eastern Express Highway,0.6611100000000001,20,0.28952,0.7,16.05,-
95,1006.05,Pokharan No. 1 Road,502+03206,Cadbury Company Chowk/Eastern Express Highway,0.6611100000000001,20,0.33332,0.7,15.45,-
96,1016.05,Pokharan No. 1 Road,502+03206,Cadbury Company Chowk/Eastern Express Highway,0.6611100000000001,20,0.35194000000000003,0.7,15.2,-
97,1026.0833333333333,Pokharan No. 1 Road,502+03206,Cadbury Company Chowk/Eastern Express Highway,0.6611100000000001,20,0.3601,0.7,15.09,-
98,1036.05,Pokharan No. 1 Road,502+03206,Cadbury Company Chowk/Eastern Express Highway,0.6611100000000001,20,0.36373,0.7,15.04,-
99,1046.05,Pokharan No. 1 Road,502+03206,Cadbury Company Chowk/Eastern Express Highway,0.6611100000000001,20,0.36373,0.7,15.04,-
100,1056.05,Pokharan No. 1 Road,502+03206,Cadbury Company Chowk/Eastern Express Highway,0.6611100000000001,20,0.36373,0.7,15.04,-
101,1066.05,Pokharan No. 1 Road,502+03206,Cadbury Company Chowk/Eastern Express Highway,0.6611100000000001,20,0.36373,0.7,15.04,-
102,1076.05,Pokharan No. 1 Road,502+03206,Cadbury Company Chowk/Eastern Express Highway,0.6611100000000001,20,0.36373,0.7,15.04,-
103,1086.05,Pokharan No. 1 Road,502+03206,Cadbury Company Chowk/Eastern Express Highway,0.6611100000000001,20,0.36373,0.7,15.04,-
104,1096.0833333333333,Pokharan No. 1 Road,502+03206,Cadbury Company Chowk/Eastern Express Highway,0.6611100000000001,20,0.36373,0.7,15.04,-
105,1106.05,Pokharan No. 1 Road,502+03206,Cadbury Company Chowk/Eastern Express Highway,0.6611100000000001,20,0.40819,0.7,14.43,-
106,1116.05,Pokharan No. 1 Road,502+03206,Cadbury Company Chowk/Eastern Express Highway,0.6611100000000001,20,0.42563000000000006,0.7,14.19,-
107,1126.05,Pokharan No. 1 Road,502+03206,Cadbury Company Chowk/Eastern Express Highway,0.6611100000000001,20,0.43326000000000003,0.7,14.08,-
108,1136.0333333333333,Pokharan No. 1 Road,502+03206,Cadbury Company Chowk/Eastern Express Highway,0.6611100000000001,20,0.43666,0.7,14.04,-
109,1146.25,Pokharan No. 1 Road,502+03206,Cadbury Company Chowk/Eastern Express Highway,0.6611100000000001,20,0.43666,0.7,14.04,-
110,1156.05,Pokharan No. 1 Road,502+03206,Cadbury Company Chowk/Eastern Express Highway,0.6611100000000001,20,0.43666,0.7,14.04,-
111,1166.05,Pokharan No. 1 Road,502+03206,Cadbury Company Chowk/Eastern Express Highway,0.6611100000000001,20,0.43666,0.7,14.04,-
112,1176.05,Pokharan No. 1 Road,502+03206,Cadbury Company Chowk/Eastern Express Highway,0.6611100000000001,20,0.43666,0.7,14.04,-
113,1186.05,Pokharan No. 1 Road,502+03206,Cadbury Company Chowk/Eastern Express Highway,0.6611100000000001,20,0.43666,0.7,14.04,-
114,1196.0833333333333,Pokharan No. 1 Road,502+03206,Cadbury Company Chowk/Eastern Express Highway,0.6611100000000001,20,0.43666,0.7,14.04,-
115,1206.05,Pokharan No. 1 Road,502+03206,Cadbury Company Chowk/Eastern Express Highway,0.6611100000000001,20,0.25211,0.78,16.56,-
116,1216.05,Pokharan No. 1 Road,502+03206,Cadbury Company Chowk/Eastern Express Highway,0.6611100000000001,20,0.36338,0.73,15.04,-
117,1226.05,Pokharan No. 1 Road,502+03206,Cadbury Company Chowk/Eastern Express Highway,0.6611100000000001,20,0.40686,0.71,14.45,-
118,1236.05,Pokharan No. 1 Road,502+03206,Cadbury Company Chowk/Eastern Express Highway,0.6611100000000001,20,0.42505,0.7,14.2,-
119,1246.05,Pokharan No. 1 Road,502+03206,Cadbury Company Chowk/Eastern Express Highway,0.6611100000000001,20,0.43301,0.7,14.09,-
120,1256.05,Pokharan No. 1 Road,502+03206,Cadbury Company Chowk/Eastern Express Highway,0.6611100000000001,20,0.43654000000000004,0.7,14.04,-
121,1266.0833333333333,Pokharan No. 1 Road,502+03206,Cadbury Company Chowk/Eastern Express Highway,0.6611100000000001,20,0.43654000000000004,0.7,14.04,-
122,1276.05,Pokharan No. 1 Road,502+03206,Cadbury Company Chowk/Eastern Express Highway,0.6611100000000001,20,0.43654000000000004,0.7,14.04,-
123,1286.0333333333333,Pokharan No. 1 Road,502+03206,Cadbury Company Chowk/Eastern Express Highway,0.6611100000000001,20,0.52911,0.79,12.76,-
124,1296.05,Pokharan No. 1 Road,502+03206,Cadbury Company Chowk/Eastern Express Highway,0.6611100000000001,20,0.48174,0.74,13.41,-
125,1306.0333333333333,Pokharan No. 1 Road,502+03206,Cadbury Company Chowk/Eastern Express Highway,0.6611100000000001,20,0.39461,0.85,14.62,-
126,1316.2666666666667,Pokharan No. 1 Road,502+03206,Cadbury Company Chowk/Eastern Express Highway,0.6611100000000001,20,0.41981,0.76,14.27,-
127,1326.05,Pokharan No. 1 Road,502+03206,Cadbury Company Chowk/Eastern Express Highway,0.6611100000000001,20,0.4307,0.73,14.12,-
128,1336.0333333333333,Pokharan No. 1 Road,502+03206,Cadbury Company Chowk/Eastern Express Highway,0.6611100000000001,20,0.42333999999999994,0.72,14.22,-
129,1346.1666666666667,Pokharan No. 1 Road,502+03206,Cadbury Company Chowk/Eastern Express Highway,0.6611100000000001,20,0.44226,0.71,13.96,-
130,1356.0333333333333,Pokharan No. 1 Road,502+03206,Cadbury Company Chowk/Eastern Express Highway,0.6611100000000001,20,0.63538,0.78,11.29,-
131,1366.0666666666666,Pokharan No. 1 Road,502+03206,Cadbury Company Chowk/Eastern Express Highway,0.6611100000000001,20,0.57945,0.74,12.06,-
132,1376.05,Pokharan No. 1 Road,502+03206,Cadbury Company Chowk/Eastern Express Highway,0.6611100000000001,20,0.48834,0.8,13.32,-
133,1386.05,Pokharan No. 1 Road,502+03206,Cadbury Company Chowk/Eastern Express Highway,0.6611100000000001,20,0.46197,0.74,13.69,-
134,1396.1,Pokharan No. 1 Road,502+03206,Cadbury Company Chowk/Eastern Express Highway,0.6611100000000001,20,0.36965,0.77,14.96,-
135,1406.05,Pokharan No. 1 Road,502+03206,Cadbury Company Chowk/Eastern Express Highway,0.6611100000000001,20,0.40942,0.73,14.41,-
136,1416.05,Pokharan No. 1 Road,502+03206,Cadbury Company Chowk/Eastern Express Highway,0.6611100000000001,20,0.42616,0.71,14.18,-
137,1426.05,Pokharan No. 1 Road,502+03206,Cadbury Company Chowk/Eastern Express Highway,0.6611100000000001,20,0.4335,0.7,14.08,-
138,1436.083333333333,Pokharan No. 1 Road,502+03206,Cadbury Company Chowk/Eastern Express Highway,0.6611100000000001,20,0.43676000000000004,0.7,14.04,-
139,1446.05,Pokharan No. 1 Road,502+03206,Cadbury Company Chowk/Eastern Express Highway,0.6611100000000001,20,0.43764000000000003,0.7,14.02,-
140,1456.05,Pokharan No. 1 Road,502+03206,Cadbury Company Chowk/Eastern Express Highway,0.6611100000000001,20,0.43764000000000003,0.7,14.02,-
141,1466.1333333333334,Pokharan No. 1 Road,502+03206,Cadbury Company Chowk/Eastern Express Highway,0.6611100000000001,20,0.43764000000000003,0.7,14.02,-
142,1476.05,Pokharan No. 1 Road,502+03206,Cadbury Company Chowk/Eastern Express Highway,0.6611100000000001,20,0.43764000000000003,0.7,14.02,-
143,1486.25,Pokharan No. 1 Road,502+03206,Cadbury Company Chowk/Eastern Express Highway,0.6611100000000001,20,0.43764000000000003,0.7,14.02,-
144,1496.05,Pokharan No. 1 Road,502+03206,Cadbury Company Chowk/Eastern Express Highway,0.6611100000000001,20,0.43764000000000003,0.7,14.02,-
145,1506.05,Pokharan No. 1 Road,502+03206,Cadbury Company Chowk/Eastern Express Highway,0.6611100000000001,20,0.43764000000000003,0.7,14.02,-
146,1516.05,Pokharan No. 1 Road,502+03206,Cadbury Company Chowk/Eastern Express Highway,0.6611100000000001,20,0.44823,0.7,13.88,-
147,1526.05,Pokharan No. 1 Road,502+03206,Cadbury Company Chowk/Eastern Express Highway,0.6611100000000001,20,0.44339000000000006,0.7,13.94,-
148,1536.05,Pokharan No. 1 Road,502+03206,Cadbury Company Chowk/Eastern Express Highway,0.6611100000000001,20,0.39725,0.72,14.58,-
149,1546.05,Pokharan No. 1 Road,502+03206,Cadbury Company Chowk/Eastern Express Highway,0.6611100000000001,20,0.42613,0.72,14.18,-
150,1556.05,Pokharan No. 1 Road,502+03206,Cadbury Company Chowk/Eastern Express Highway,0.6611100000000001,20,0.43349000000000004,0.7,14.08,-
151,1566.05,Pokharan No. 1 Road,502+03206,Cadbury Company Chowk/Eastern Express Highway,0.6611100000000001,20,0.43676000000000004,0.7,14.04,-
152,1576.1833333333334,Pokharan No. 1 Road,502+03206,Cadbury Company Chowk/Eastern Express Highway,0.6611100000000001,20,0.39949,0.73,14.55,-
153,1586.05,Pokharan No. 1 Road,502+03206,Cadbury Company Chowk/Eastern Express Highway,0.6611100000000001,20,0.37399,0.74,14.9,-
154,1596.05,Pokharan No. 1 Road,502+03206,Cadbury Company Chowk/Eastern Express Highway,0.6611100000000001,20,0.43765,0.71,14.02,-
155,1606.1,Pokharan No. 1 Road,502+03206,Cadbury Company Chowk/Eastern Express Highway,0.6611100000000001,20,0.47980999999999996,0.7,13.44,-
156,1616.05,Pokharan No. 1 Road,502+03206,Cadbury Company Chowk/Eastern Express Highway,0.6611100000000001,20,0.49762000000000006,0.7,13.19,-
157,1626.033333333333,Pokharan No. 1 Road,502+03206,Cadbury Company Chowk/Eastern Express Highway,0.6611100000000001,20,0.52287,0.7,12.84,-
158,1636.166666666667,Pokharan No. 1 Road,502+03206,Cadbury Company Chowk/Eastern Express Highway,0.6611100000000001,20,0.5167200000000001,0.7,12.93,-
159,1646.05,Pokharan No. 1 Road,502+03206,Cadbury Company Chowk/Eastern Express Highway,0.6611100000000001,20,0.51393,0.7,12.97,-
160,1656.4,Pokharan No. 1 Road,502+03206,Cadbury Company Chowk/Eastern Express Highway,0.6611100000000001,20,0.51393,0.7,12.97,-
161,1666.05,Pokharan No. 1 Road,502+03206,Cadbury Company Chowk/Eastern Express Highway,0.6611100000000001,20,0.51393,0.7,12.97,-
162,1676.05,Pokharan No. 1 Road,502+03206,Cadbury Company Chowk/Eastern Express Highway,0.6611100000000001,20,0.51393,0.7,12.97,-
163,1686.033333333333,Pokharan No. 1 Road,502+03206,Cadbury Company Chowk/Eastern Express Highway,0.6611100000000001,20,0.61249,0.8,11.6,-
164,1697.033333333333,Pokharan No. 1 Road,502+03206,Cadbury Company Chowk/Eastern Express Highway,0.6611100000000001,20,0.52447,0.76,12.82,-
165,1706.0666666666666,Pokharan No. 1 Road,502+03206,Cadbury Company Chowk/Eastern Express Highway,0.6611100000000001,20,0.48719,0.77,13.34,-
166,1717.033333333333,Pokharan No. 1 Road,502+03206,Cadbury Company Chowk/Eastern Express Highway,0.6611100000000001,20,0.50082,0.73,13.15,-
167,1727.05,Pokharan No. 1 Road,502+03206,Cadbury Company Chowk/Eastern Express Highway,0.6611100000000001,20,0.50415,0.73,13.1,-
168,1737.05,Pokharan No. 1 Road,502+03206,Cadbury Company Chowk/Eastern Express Highway,0.6611100000000001,20,0.46952999999999995,0.71,13.58,-
169,1747.033333333333,Pokharan No. 1 Road,502+03206,Cadbury Company Chowk/Eastern Express Highway,0.6611100000000001,20,0.45315000000000005,0.7,13.81,-
170,1756.033333333333,Pokharan No. 1 Road,502+03206,Cadbury Company Chowk/Eastern Express Highway,0.6611100000000001,20,0.44562,0.7,13.91,-
171,1767.05,Pokharan No. 1 Road,502+03206,Cadbury Company Chowk/Eastern Express Highway,0.6611100000000001,20,0.4422,0.7,13.96,-
172,1776.0666666666666,Pokharan No. 1 Road,502+03206,Cadbury Company Chowk/Eastern Express Highway,0.6611100000000001,20,0.41797000000000006,0.7,14.3,-
173,1787.033333333333,Pokharan No. 1 Road,502+03206,Cadbury Company Chowk/Eastern Express Highway,0.6611100000000001,20,0.39043,0.7,14.68,-
174,1796.15,Pokharan No. 1 Road,502+03206,Cadbury Company Chowk/Eastern Express Highway,0.6611100000000001,20,0.35408,0.78,15.17,-
175,1806.05,Pokharan No. 1 Road,502+03206,Cadbury Company Chowk/Eastern Express Highway,0.6611100000000001,20,0.38387,0.74,14.77,-
176,1816.05,Pokharan No. 1 Road,502+03206,Cadbury Company Chowk/Eastern Express Highway,0.6611100000000001,20,0.37446,0.71,14.89,-
177,1826.25,Pokharan No. 1 Road,502+03206,Cadbury Company Chowk/Eastern Express Highway,0.6611100000000001,20,0.37017,0.7,14.95,-
178,1837.05,Pokharan No. 1 Road,502+03206,Cadbury Company Chowk/Eastern Express Highway,0.6611100000000001,20,0.34514,0.7,15.29,-
179,1847.05,Pokharan No. 1 Road,502+03206,Cadbury Company Chowk/Eastern Express Highway,0.6611100000000001,20,0.31717,0.7,15.67,-
180,1856.05,Pokharan No. 1 Road,502+03206,Cadbury Company Chowk/Eastern Express Highway,0.6611100000000001,20,0.30415000000000003,0.7,15.85,-
181,1867.05,Pokharan No. 1 Road,502+03206,Cadbury Company Chowk/Eastern Express Highway,0.6611100000000001,20,0.29821,0.7,15.93,-
182,1876.083333333333,Pokharan No. 1 Road,502+03206,Cadbury Company Chowk/Eastern Express Highway,0.6611100000000001,20,0.29552999999999996,0.7,15.97,-
183,1887.05,Pokharan No. 1 Road,502+03206,Cadbury Company Chowk/Eastern Express Highway,0.6611100000000001,20,0.18268,0.7,17.51,-
184,1897.033333333333,Pokharan No. 1 Road,502+03206,Cadbury Company Chowk/Eastern Express Highway,0.6611100000000001,20,0.10296000000000001,0.7,18.6,-
185,1907.033333333333,Pokharan No. 1 Road,502+03206,Cadbury Company Chowk/Eastern Express Highway,0.6611100000000001,20,0.04808,0.7,19.34,-
186,1917.0666666666666,Pokharan No. 1 Road,502+03206,Cadbury Company Chowk/Eastern Express Highway,0.6611100000000001,20,0.0,0.7,20.22,-
187,1927.083333333333,Pokharan No. 1 Road,502+03206,Cadbury Company Chowk/Eastern Express Highway,0.6611100000000001,20,0.0,0.7,20.64,-
188,1937.033333333333,Pokharan No. 1 Road,502+03206,Cadbury Company Chowk/Eastern Express Highway,0.6611100000000001,20,0.0,0.7,20.84,-
189,1947.033333333333,Pokharan No. 1 Road,502+03206,Cadbury Company Chowk/Eastern Express Highway,0.6611100000000001,20,0.0,0.7,20.93,-
190,1956.033333333333,Pokharan No. 1 Road,502+03206,Cadbury Company Chowk/Eastern Express Highway,0.6611100000000001,20,0.0,0.7,20.97,-
191,1967.033333333333,Pokharan No. 1 Road,502+03206,Cadbury Company Chowk/Eastern Express Highway,0.6611100000000001,20,0.0,0.7,20.98,-
192,1977.05,Pokharan No. 1 Road,502+03206,Cadbury Company Chowk/Eastern Express Highway,0.6611100000000001,20,0.0,0.7,20.98,-
193,1987.05,Pokharan No. 1 Road,502+03206,Cadbury Company Chowk/Eastern Express Highway,0.6611100000000001,20,0.0,0.7,21.0,-
194,1997.083333333333,Pokharan No. 1 Road,502+03206,Cadbury Company Chowk/Eastern Express Highway,0.6611100000000001,20,0.0,0.7,21.0,-
195,2007.05,Pokharan No. 1 Road,502+03206,Cadbury Company Chowk/Eastern Express Highway,0.6611100000000001,20,0.0,0.7,21.0,-
196,2017.05,Pokharan No. 1 Road,502+03206,Cadbury Company Chowk/Eastern Express Highway,0.6611100000000001,20,0.0,0.7,21.0,-
197,2027.033333333333,Pokharan No. 1 Road,502+03206,Cadbury Company Chowk/Eastern Express Highway,0.6611100000000001,20,0.0,0.7,21.0,-
198,2037.05,Pokharan No. 1 Road,502+03206,Cadbury Company Chowk/Eastern Express Highway,0.6611100000000001,20,0.0,0.7,21.0,-
199,2046.083333333333,Pokharan No. 1 Road,502+03206,Cadbury Company Chowk/Eastern Express Highway,0.6611100000000001,20,0.0,0.7,21.0,-
200,2057.0333333333333,Pokharan No. 1 Road,502+03206,Cadbury Company Chowk/Eastern Express Highway,0.6611100000000001,20,0.0,0.7,21.0,-
201,2067.05,Pokharan No. 1 Road,502+03206,Cadbury Company Chowk/Eastern Express Highway,0.6611100000000001,20,0.0,0.76,23.23,-
202,2077.0333333333333,Pokharan No. 1 Road,502+03206,Cadbury Company Chowk/Eastern Express Highway,0.6611100000000001,20,0.0,0.73,21.95,-
203,2087.05,Pokharan No. 1 Road,502+03206,Cadbury Company Chowk/Eastern Express Highway,0.6611100000000001,20,0.0,0.71,21.41,-
204,2097.0666666666666,Pokharan No. 1 Road,502+03206,Cadbury Company Chowk/Eastern Express Highway,0.6611100000000001,20,0.0,0.7,21.28,-
205,2106.0333333333333,Pokharan No. 1 Road,502+03206,Cadbury Company Chowk/Eastern Express Highway,0.6611100000000001,20,0.0,0.7,21.28,-
206,2117.05,Pokharan No. 1 Road,502+03206,Cadbury Company Chowk/Eastern Express Highway,0.6611100000000001,20,0.0,0.7,21.28,-
207,2127.05,Pokharan No. 1 Road,502+03206,Cadbury Company Chowk/Eastern Express Highway,0.6611100000000001,20,0.0,0.7,21.28,-
208,2137.05,Pokharan No. 1 Road,502+03206,Cadbury Company Chowk/Eastern Express Highway,0.6611100000000001,20,0.0,0.7,21.28,-
209,2147.05,Pokharan No. 1 Road,502+03206,Cadbury Company Chowk/Eastern Express Highway,0.6611100000000001,20,0.0,0.7,21.28,-
210,2157.116666666667,Pokharan No. 1 Road,502+03206,Cadbury Company Chowk/Eastern Express Highway,0.6611100000000001,20,0.0,0.7,21.28,-
211,2167.083333333333,Pokharan No. 1 Road,502+03206,Cadbury Company Chowk/Eastern Express Highway,0.6611100000000001,20,0.0,0.7,21.28,-
212,2177.05,Pokharan No. 1 Road,502+03206,Cadbury Company Chowk/Eastern Express Highway,0.6611100000000001,20,0.0,0.7,21.28,-
213,2187.05,Pokharan No. 1 Road,502+03206,Cadbury Company Chowk/Eastern Express Highway,0.6611100000000001,20,0.0,0.7,21.28,-
214,2197.0333333333333,Pokharan No. 1 Road,502+03206,Cadbury Company Chowk/Eastern Express Highway,0.6611100000000001,20,0.0,0.7,21.28,-
215,2207.05,Pokharan No. 1 Road,502+03206,Cadbury Company Chowk/Eastern Express Highway,0.6611100000000001,20,0.0,0.7,21.28,-
216,2216.083333333333,Pokharan No. 1 Road,502+03206,Cadbury Company Chowk/Eastern Express Highway,0.6611100000000001,20,0.0,0.7,21.28,-
217,2227.05,Pokharan No. 1 Road,502+03206,Cadbury Company Chowk/Eastern Express Highway,0.6611100000000001,20,0.0,0.7,21.28,-
218,2237.05,Pokharan No. 1 Road,502+03206,Cadbury Company Chowk/Eastern Express Highway,0.6611100000000001,20,0.0,0.7,21.28,-
219,2247.0333333333333,Pokharan No. 1 Road,502+03206,Cadbury Company Chowk/Eastern Express Highway,0.6611100000000001,20,0.0,0.7,21.28,-
220,2257.05,Pokharan No. 1 Road,502+03206,Cadbury Company Chowk/Eastern Express Highway,0.6611100000000001,20,0.0,0.7,21.28,-
221,2267.083333333333,Pokharan No. 1 Road,502+03206,Cadbury Company Chowk/Eastern Express Highway,0.6611100000000001,20,0.0,0.7,21.28,-
222,2277.05,Pokharan No. 1 Road,502+03206,Cadbury Company Chowk/Eastern Express Highway,0.6611100000000001,20,0.0,0.7,21.28,-
223,2287.05,Pokharan No. 1 Road,502+03206,Cadbury Company Chowk/Eastern Express Highway,0.6611100000000001,20,0.0,0.7,21.28,-
224,2297.05,Pokharan No. 1 Road,502+03206,Cadbury Company Chowk/Eastern Express Highway,0.6611100000000001,20,0.0,0.79,24.05,-
225,2307.05,Pokharan No. 1 Road,502+03206,Cadbury Company Chowk/Eastern Express Highway,0.6611100000000001,20,0.0,0.74,22.27,-
226,2317.05,Pokharan No. 1 Road,502+03206,Cadbury Company Chowk/Eastern Express Highway,0.6611100000000001,20,0.0,0.71,21.55,-
227,2327.05,Pokharan No. 1 Road,502+03206,Cadbury Company Chowk/Eastern Express Highway,0.6611100000000001,20,0.0,0.7,21.24,-
228,2337.083333333333,Pokharan No. 1 Road,502+03206,Cadbury Company Chowk/Eastern Express Highway,0.6611100000000001,20,0.0,0.73,21.56,-
229,2347.05,Pokharan No. 1 Road,502+03206,Cadbury Company Chowk/Eastern Express Highway,0.6611100000000001,20,0.0,0.71,21.25,-
230,2357.05,Pokharan No. 1 Road,502+03206,Cadbury Company Chowk/Eastern Express Highway,0.6611100000000001,20,0.0,0.7,21.11,-
231,2367.0333333333333,Pokharan No. 1 Road,502+03206,Cadbury Company Chowk/Eastern Express Highway,0.6611100000000001,20,0.0,0.7,20.48,-
232,2377.05,Pokharan No. 1 Road,502+03206,Cadbury Company Chowk/Eastern Express Highway,0.6611100000000001,20,0.0,0.7,20.21,-
233,2386.0666666666666,Pokharan No. 1 Road,502+03206,Cadbury Company Chowk/Eastern Express Highway,0.6611100000000001,20,0.0,0.7,20.1,-
234,2397.05,Pokharan No. 1 Road,502+03206,Cadbury Company Chowk/Eastern Express Highway,0.6611100000000001,20,0.03837,0.7,19.48,-
235,2407.05,Pokharan No. 1 Road,502+03206,Cadbury Company Chowk/Eastern Express Highway,0.6611100000000001,20,0.05785,0.7,19.21,-
236,2417.0333333333333,Pokharan No. 1 Road,502+03206,Cadbury Company Chowk/Eastern Express Highway,0.6611100000000001,20,0.06642,0.7,19.09,-
237,2427.05,Pokharan No. 1 Road,502+03206,Cadbury Company Chowk/Eastern Express Highway,0.6611100000000001,20,0.11181,0.7,18.48,-
238,2437.083333333333,Pokharan No. 1 Road,502+03206,Cadbury Company Chowk/Eastern Express Highway,0.6611100000000001,20,0.15696000000000002,0.7,17.86,-
239,2447.05,Pokharan No. 1 Road,502+03206,Cadbury Company Chowk/Eastern Express Highway,0.6611100000000001,20,0.19247,0.7,17.38,-
240,2457.0333333333333,Pokharan No. 1 Road,502+03206,Cadbury Company Chowk/Eastern Express Highway,0.6611100000000001,20,0.20779,0.7,17.17,-
241,2467.05,Pokharan No. 1 Road,502+03206,Cadbury Company Chowk/Eastern Express Highway,0.6611100000000001,20,0.22391999999999998,0.7,16.95,-
242,2477.05,Pokharan No. 1 Road,502+03206,Cadbury Company Chowk/Eastern Express Highway,0.6611100000000001,20,0.22176,0.7,16.98,-
243,2487.05,Pokharan No. 1 Road,502+03206,Cadbury Company Chowk/Eastern Express Highway,0.6611100000000001,20,0.22176,0.7,16.98,-
244,2497.083333333333,Pokharan No. 1 Road,502+03206,Cadbury Company Chowk/Eastern Express Highway,0.6611100000000001,20,0.24552999999999997,0.7,16.65,-
245,2507.083333333333,Pokharan No. 1 Road,502+03206,Cadbury Company Chowk/Eastern Express Highway,0.6611100000000001,20,0.27233999999999997,0.7,16.29,-
246,2517.05,Pokharan No. 1 Road,502+03206,Cadbury Company Chowk/Eastern Express Highway,0.6611100000000001,20,0.284,0.7,16.13,-
247,2527.133333333333,Pokharan No. 1 Road,502+03206,Cadbury Company Chowk/Eastern Express Highway,0.6611100000000001,20,0.18255,0.74,17.51,-
248,2537.0333333333333,Pokharan No. 1 Road,502+03206,Cadbury Company Chowk/Eastern Express Highway,0.6611100000000001,20,0.23628,0.72,16.78,-
249,2547.05,Pokharan No. 1 Road,502+03206,Cadbury Company Chowk/Eastern Express Highway,0.6611100000000001,20,0.31172,0.71,15.75,-
250,2556.0666666666666,Pokharan No. 1 Road,502+03206,Cadbury Company Chowk/Eastern Express Highway,0.6611100000000001,20,0.34266,0.7,15.33,-
251,2567.15,Pokharan No. 1 Road,502+03206,Cadbury Company Chowk/Eastern Express Highway,0.6611100000000001,20,0.35602,0.7,15.15,-
252,2577.016666666667,Pokharan No. 1 Road,502+03206,Cadbury Company Chowk/Eastern Express Highway,0.6611100000000001,20,0.36191,0.7,15.06,-
253,2587.15,Pokharan No. 1 Road,502+03206,Cadbury Company Chowk/Eastern Express Highway,0.6611100000000001,20,0.36453,0.7,15.03,-
254,2597.0333333333333,Pokharan No. 1 Road,502+03206,Cadbury Company Chowk/Eastern Express Highway,0.6611100000000001,20,0.35929,0.71,15.1,-
255,2607.0666666666666,Pokharan No. 1 Road,502+03206,Cadbury Company Chowk/Eastern Express Highway,0.6611100000000001,20,0.40519,0.7,14.47,-
256,2617.05,Pokharan No. 1 Road,502+03206,Cadbury Company Chowk/Eastern Express Highway,0.6611100000000001,20,0.42433,0.7,14.21,-
257,2627.0333333333333,Pokharan No. 1 Road,502+03206,Cadbury Company Chowk/Eastern Express Highway,0.6611100000000001,20,0.43269,0.7,14.09,-
258,2637.05,Pokharan No. 1 Road,502+03206,Cadbury Company Chowk/Eastern Express Highway,0.6611100000000001,20,0.4364,0.7,14.04,-
259,2647.0333333333333,Pokharan No. 1 Road,502+03206,Cadbury Company Chowk/Eastern Express Highway,0.6611100000000001,20,0.4364,0.7,14.04,-
260,2657.116666666667,Pokharan No. 1 Road,502+03206,Cadbury Company Chowk/Eastern Express Highway,0.6611100000000001,20,0.4364,0.7,14.04,-
261,2667.05,Pokharan No. 1 Road,502+03206,Cadbury Company Chowk/Eastern Express Highway,0.6611100000000001,20,0.4364,0.7,14.04,-
262,2677.05,Pokharan No. 1 Road,502+03206,Cadbury Company Chowk/Eastern Express Highway,0.6611100000000001,20,0.4364,0.7,14.04,-
263,2687.0333333333333,Pokharan No. 1 Road,502+03206,Cadbury Company Chowk/Eastern Express Highway,0.6611100000000001,20,0.4364,0.7,14.04,-
264,2697.05,Pokharan No. 1 Road,502+03206,Cadbury Company Chowk/Eastern Express Highway,0.6611100000000001,20,0.4364,0.7,14.04,-
265,2707.0333333333333,Pokharan No. 1 Road,502+03206,Cadbury Company Chowk/Eastern Express Highway,0.6611100000000001,20,0.62413,0.74,11.44,-
266,2717.05,Pokharan No. 1 Road,502+03206,Cadbury Company Chowk/Eastern Express Highway,0.6611100000000001,20,0.5316099999999999,0.71,12.72,-
267,2726.0666666666666,Pokharan No. 1 Road,502+03206,Cadbury Company Chowk/Eastern Express Highway,0.6611100000000001,20,0.48297999999999996,0.7,13.4,-
268,2737.0666666666666,Pokharan No. 1 Road,502+03206,Cadbury Company Chowk/Eastern Express Highway,0.6611100000000001,20,0.45944,0.7,13.72,-
269,2747.016666666667,Pokharan No. 1 Road,502+03206,Cadbury Company Chowk/Eastern Express Highway,0.6611100000000001,20,0.4485,0.7,13.87,-
270,2757.0333333333333,Pokharan No. 1 Road,502+03206,Cadbury Company Chowk/Eastern Express Highway,0.6611100000000001,20,0.44351,0.7,13.94,-
271,2767.0333333333333,Pokharan No. 1 Road,502+03206,Cadbury Company Chowk/Eastern Express Highway,0.6611100000000001,20,0.44216,0.7,13.96,-
