"TIME","ROAD","LI","CONTRI","LEN","FS","JF","CF","SP","DE"
0.03333333333333333,Pokharan No. 1 Road,502+03206,Cadbury Company Chowk/Eastern Express Highway,0.6611100000000001,20,5.1878,0.7,12.9,-
67.03333333333333,Pokharan No. 1 Road,502+03206,Cadbury Company Chowk/Eastern Express Highway,0.6611100000000001,20,5.7028,0.7,12.19,-
77.05,Pokharan No. 1 Road,502+03206,Cadbury Company Chowk/Eastern Express Highway,0.6611100000000001,20,5.7784,0.7,12.08,-
87.05,Pokharan No. 1 Road,502+03206,Cadbury Company Chowk/Eastern Express Highway,0.6611100000000001,20,5.8119,0.7,12.04,-
97.03333333333333,Pokharan No. 1 Road,502+03206,Cadbury Company Chowk/Eastern Express Highway,0.6611100000000001,20,6.6786,0.72,10.84,-
107.05,Pokharan No. 1 Road,502+03206,Cadbury Company Chowk/Eastern Express Highway,0.6611100000000001,20,6.2371,0.71,11.45,-
117.05,Pokharan No. 1 Road,502+03206,Cadbury Company Chowk/Eastern Express Highway,0.6611100000000001,20,6.0224,0.7,11.75,-
127.06666666666666,Pokharan No. 1 Road,502+03206,Cadbury Company Chowk/Eastern Express Highway,0.6611100000000001,20,5.9223,0.7,11.88,-
137.05,Pokharan No. 1 Road,502+03206,Cadbury Company Chowk/Eastern Express Highway,0.6611100000000001,20,5.8766,0.7,11.95,-
147.18333333333334,Pokharan No. 1 Road,502+03206,Cadbury Company Chowk/Eastern Express Highway,0.6611100000000001,20,6.2680,0.7,11.41,-
157.03333333333333,Pokharan No. 1 Road,502+03206,Cadbury Company Chowk/Eastern Express Highway,0.6611100000000001,20,6.4273,0.74,11.19,-
167.15,Pokharan No. 1 Road,502+03206,Cadbury Company Chowk/Eastern Express Highway,0.6611100000000001,20,6.5018,0.71,11.08,-
177.23333333333332,Pokharan No. 1 Road,502+03206,Cadbury Company Chowk/Eastern Express Highway,0.6611100000000001,20,6.5348,0.7,11.04,-
187.03333333333333,Pokharan No. 1 Road,502+03206,Cadbury Company Chowk/Eastern Express Highway,0.6611100000000001,20,6.5170,0.71,11.06,-
196.03333333333333,Pokharan No. 1 Road,502+03206,Cadbury Company Chowk/Eastern Express Highway,0.6611100000000001,20,6.5195,0.7,11.06,-
207.01666666666668,Pokharan No. 1 Road,502+03206,Cadbury Company Chowk/Eastern Express Highway,0.6611100000000001,20,7.3927,0.72,9.85,-
217.03333333333333,Pokharan No. 1 Road,502+03206,Cadbury Company Chowk/Eastern Express Highway,0.6611100000000001,20,7.3008,0.71,9.98,-
226.03333333333333,Pokharan No. 1 Road,502+03206,Cadbury Company Chowk/Eastern Express Highway,0.6611100000000001,20,6.9113,0.7,10.52,-
236.03333333333333,Pokharan No. 1 Road,502+03206,Cadbury Company Chowk/Eastern Express Highway,0.6611100000000001,20,6.6105,0.7,10.93,-
247.03333333333333,Pokharan No. 1 Road,502+03206,Cadbury Company Chowk/Eastern Express Highway,0.6611100000000001,20,6.5836,0.7,10.97,-
256.03333333333336,Pokharan No. 1 Road,502+03206,Cadbury Company Chowk/Eastern Express Highway,0.6611100000000001,20,6.5836,0.7,10.97,-
266.03333333333336,Pokharan No. 1 Road,502+03206,Cadbury Company Chowk/Eastern Express Highway,0.6611100000000001,20,6.5836,0.7,10.97,-
276.03333333333336,Pokharan No. 1 Road,502+03206,Cadbury Company Chowk/Eastern Express Highway,0.6611100000000001,20,6.5836,0.7,10.97,-
287.03333333333336,Pokharan No. 1 Road,502+03206,Cadbury Company Chowk/Eastern Express Highway,0.6611100000000001,20,6.5836,0.7,10.97,-
297.0833333333333,Pokharan No. 1 Road,502+03206,Cadbury Company Chowk/Eastern Express Highway,0.6611100000000001,20,6.5836,0.7,10.97,-
307.03333333333336,Pokharan No. 1 Road,502+03206,Cadbury Company Chowk/Eastern Express Highway,0.6611100000000001,20,6.9581,0.75,10.45,-
316.03333333333336,Pokharan No. 1 Road,502+03206,Cadbury Company Chowk/Eastern Express Highway,0.6611100000000001,20,6.3799,0.72,11.25,-
326.05,Pokharan No. 1 Road,502+03206,Cadbury Company Chowk/Eastern Express Highway,0.6611100000000001,20,5.7290,0.71,12.15,-
336.05,Pokharan No. 1 Road,502+03206,Cadbury Company Chowk/Eastern Express Highway,0.6611100000000001,20,5.4017,0.7,12.61,-
346.06666666666666,Pokharan No. 1 Road,502+03206,Cadbury Company Chowk/Eastern Express Highway,0.6611100000000001,20,5.2467,0.7,12.82,-
356.05,Pokharan No. 1 Road,502+03206,Cadbury Company Chowk/Eastern Express Highway,0.6611100000000001,20,4.7955,0.7,13.44,-
366.03333333333336,Pokharan No. 1 Road,502+03206,Cadbury Company Chowk/Eastern Express Highway,0.6611100000000001,20,4.5783,0.7,13.75,-
376.1166666666667,Pokharan No. 1 Road,502+03206,Cadbury Company Chowk/Eastern Express Highway,0.6611100000000001,20,4.4776,0.7,13.88,-
386.05,Pokharan No. 1 Road,502+03206,Cadbury Company Chowk/Eastern Express Highway,0.6611100000000001,20,4.0488,0.7,14.48,-
396.03333333333336,Pokharan No. 1 Road,502+03206,Cadbury Company Chowk/Eastern Express Highway,0.6611100000000001,20,4.0233,0.7,14.51,-
406.05,Pokharan No. 1 Road,502+03206,Cadbury Company Chowk/Eastern Express Highway,0.6611100000000001,20,3.8298,0.7,14.78,-
416.0833333333333,Pokharan No. 1 Road,502+03206,Cadbury Company Chowk/Eastern Express Highway,0.6611100000000001,20,3.3534,0.7,15.43,-
426.03333333333336,Pokharan No. 1 Road,502+03206,Cadbury Company Chowk/Eastern Express Highway,0.6611100000000001,20,2.9010,0.7,16.04,-
436.05,Pokharan No. 1 Road,502+03206,Cadbury Company Chowk/Eastern Express Highway,0.6611100000000001,20,2.5247,0.7,16.56,-
446.03333333333336,Pokharan No. 1 Road,502+03206,Cadbury Company Chowk/Eastern Express Highway,0.6611100000000001,20,1.5988,0.7,17.82,-
456.05,Pokharan No. 1 Road,502+03206,Cadbury Company Chowk/Eastern Express Highway,0.6611100000000001,20,0.9152,0.7,18.75,-
466.25,Pokharan No. 1 Road,502+03206,Cadbury Company Chowk/Eastern Express Highway,0.6611100000000001,20,0.4255,0.7,19.42,-
476.05,Pokharan No. 1 Road,502+03206,Cadbury Company Chowk/Eastern Express Highway,0.6611100000000001,20,0,0.7,20.26,-
486.05,Pokharan No. 1 Road,502+03206,Cadbury Company Chowk/Eastern Express Highway,0.6611100000000001,20,0,0.7,20.66,-
496.05,Pokharan No. 1 Road,502+03206,Cadbury Company Chowk/Eastern Express Highway,0.6611100000000001,20,0,0.7,20.85,-
506.05,Pokharan No. 1 Road,502+03206,Cadbury Company Chowk/Eastern Express Highway,0.6611100000000001,20,0,0.7,20.93,-
516.1833333333333,Pokharan No. 1 Road,502+03206,Cadbury Company Chowk/Eastern Express Highway,0.6611100000000001,20,0,0.7,20.97,-
526.05,Pokharan No. 1 Road,502+03206,Cadbury Company Chowk/Eastern Express Highway,0.6611100000000001,20,0,0.7,20.98,-
536.0333333333333,Pokharan No. 1 Road,502+03206,Cadbury Company Chowk/Eastern Express Highway,0.6611100000000001,20,0,0.7,20.98,-
546.0333333333333,Pokharan No. 1 Road,502+03206,Cadbury Company Chowk/Eastern Express Highway,0.6611100000000001,20,0,0.7,21.0,-
556.05,Pokharan No. 1 Road,502+03206,Cadbury Company Chowk/Eastern Express Highway,0.6611100000000001,20,0,0.7,21.0,-
566.05,Pokharan No. 1 Road,502+03206,Cadbury Company Chowk/Eastern Express Highway,0.6611100000000001,20,0,0.7,21.0,-
576.05,Pokharan No. 1 Road,502+03206,Cadbury Company Chowk/Eastern Express Highway,0.6611100000000001,20,0,0.7,21.0,-
586.0666666666667,Pokharan No. 1 Road,502+03206,Cadbury Company Chowk/Eastern Express Highway,0.6611100000000001,20,0,0.7,21.0,-
596.05,Pokharan No. 1 Road,502+03206,Cadbury Company Chowk/Eastern Express Highway,0.6611100000000001,20,0,0.7,21.0,-
606.05,Pokharan No. 1 Road,502+03206,Cadbury Company Chowk/Eastern Express Highway,0.6611100000000001,20,0,0.7,21.0,-
616.0333333333333,Pokharan No. 1 Road,502+03206,Cadbury Company Chowk/Eastern Express Highway,0.6611100000000001,20,0,0.7,21.0,-
626.05,Pokharan No. 1 Road,502+03206,Cadbury Company Chowk/Eastern Express Highway,0.6611100000000001,20,0,0.7,21.0,-
636.2333333333333,Pokharan No. 1 Road,502+03206,Cadbury Company Chowk/Eastern Express Highway,0.6611100000000001,20,0,0.7,21.0,-
646.0333333333333,Pokharan No. 1 Road,502+03206,Cadbury Company Chowk/Eastern Express Highway,0.6611100000000001,20,0,0.7,21.0,-
656.05,Pokharan No. 1 Road,502+03206,Cadbury Company Chowk/Eastern Express Highway,0.6611100000000001,20,0,0.7,21.0,-
666.0333333333333,Pokharan No. 1 Road,502+03206,Cadbury Company Chowk/Eastern Express Highway,0.6611100000000001,20,0,0.7,21.0,-
676.1833333333333,Pokharan No. 1 Road,502+03206,Cadbury Company Chowk/Eastern Express Highway,0.6611100000000001,20,0,0.7,21.0,-
686.0833333333334,Pokharan No. 1 Road,502+03206,Cadbury Company Chowk/Eastern Express Highway,0.6611100000000001,20,0,0.7,21.0,-
696.0333333333333,Pokharan No. 1 Road,502+03206,Cadbury Company Chowk/Eastern Express Highway,0.6611100000000001,20,0,0.7,21.0,-
706.0333333333333,Pokharan No. 1 Road,502+03206,Cadbury Company Chowk/Eastern Express Highway,0.6611100000000001,20,0,0.7,21.0,-
716.05,Pokharan No. 1 Road,502+03206,Cadbury Company Chowk/Eastern Express Highway,0.6611100000000001,20,0,0.7,21.0,-
726.05,Pokharan No. 1 Road,502+03206,Cadbury Company Chowk/Eastern Express Highway,0.6611100000000001,20,0,0.7,21.0,-
736.05,Pokharan No. 1 Road,502+03206,Cadbury Company Chowk/Eastern Express Highway,0.6611100000000001,20,0,0.7,21.0,-
746.0333333333333,Pokharan No. 1 Road,502+03206,Cadbury Company Chowk/Eastern Express Highway,0.6611100000000001,20,0,0.7,21.0,-
756.0833333333334,Pokharan No. 1 Road,502+03206,Cadbury Company Chowk/Eastern Express Highway,0.6611100000000001,20,0,0.7,21.0,-
766.05,Pokharan No. 1 Road,502+03206,Cadbury Company Chowk/Eastern Express Highway,0.6611100000000001,20,0,0.7,21.0,-
776.05,Pokharan No. 1 Road,502+03206,Cadbury Company Chowk/Eastern Express Highway,0.6611100000000001,20,0,0.7,21.0,-
786.05,Pokharan No. 1 Road,502+03206,Cadbury Company Chowk/Eastern Express Highway,0.6611100000000001,20,0,0.7,21.0,-
796.05,Pokharan No. 1 Road,502+03206,Cadbury Company Chowk/Eastern Express Highway,0.6611100000000001,20,0,0.7,21.0,-
806.2333333333333,Pokharan No. 1 Road,502+03206,Cadbury Company Chowk/Eastern Express Highway,0.6611100000000001,20,0,0.7,21.0,-
816.05,Pokharan No. 1 Road,502+03206,Cadbury Company Chowk/Eastern Express Highway,0.6611100000000001,20,0,0.7,21.0,-
826.0333333333333,Pokharan No. 1 Road,502+03206,Cadbury Company Chowk/Eastern Express Highway,0.6611100000000001,20,0,0.7,21.0,-
836.05,Pokharan No. 1 Road,502+03206,Cadbury Company Chowk/Eastern Express Highway,0.6611100000000001,20,0,0.7,20.44,-
846.05,Pokharan No. 1 Road,502+03206,Cadbury Company Chowk/Eastern Express Highway,0.6611100000000001,20,0,0.7,20.19,-
856.1166666666667,Pokharan No. 1 Road,502+03206,Cadbury Company Chowk/Eastern Express Highway,0.6611100000000001,20,0,0.7,20.09,-
866.05,Pokharan No. 1 Road,502+03206,Cadbury Company Chowk/Eastern Express Highway,0.6611100000000001,20,0,0.7,20.04,-
876.05,Pokharan No. 1 Road,502+03206,Cadbury Company Chowk/Eastern Express Highway,0.6611100000000001,20,0,0.7,20.02,-
886.05,Pokharan No. 1 Road,502+03206,Cadbury Company Chowk/Eastern Express Highway,0.6611100000000001,20,0,0.7,20.02,-
896.05,Pokharan No. 1 Road,502+03206,Cadbury Company Chowk/Eastern Express Highway,0.6611100000000001,20,0.4109,0.7,19.44,-
906.0333333333333,Pokharan No. 1 Road,502+03206,Cadbury Company Chowk/Eastern Express Highway,0.6611100000000001,20,0.5904,0.7,19.19,-
916.05,Pokharan No. 1 Road,502+03206,Cadbury Company Chowk/Eastern Express Highway,0.6611100000000001,20,0.6695,0.7,19.09,-
926.0833333333334,Pokharan No. 1 Road,502+03206,Cadbury Company Chowk/Eastern Express Highway,0.6611100000000001,20,0.7047,0.7,19.04,-
936.05,Pokharan No. 1 Road,502+03206,Cadbury Company Chowk/Eastern Express Highway,0.6611100000000001,20,0.7205,0.7,19.02,-
946.05,Pokharan No. 1 Road,502+03206,Cadbury Company Chowk/Eastern Express Highway,0.6611100000000001,20,0.7205,0.7,19.02,-
956.05,Pokharan No. 1 Road,502+03206,Cadbury Company Chowk/Eastern Express Highway,0.6611100000000001,20,0.7307,0.7,19.0,-
966.05,Pokharan No. 1 Road,502+03206,Cadbury Company Chowk/Eastern Express Highway,0.6611100000000001,20,0.9830,0.7,18.66,-
976.2333333333333,Pokharan No. 1 Road,502+03206,Cadbury Company Chowk/Eastern Express Highway,0.6611100000000001,20,1.2538,0.7,18.29,-
986.05,Pokharan No. 1 Road,502+03206,Cadbury Company Chowk/Eastern Express Highway,0.6611100000000001,20,2.2345,0.7,16.95,-
996.05,Pokharan No. 1 Road,502+03206,Cadbury Company Chowk/Eastern Express Highway,0.6611100000000001,20,2.8952,0.7,16.05,-
1006.05,Pokharan No. 1 Road,502+03206,Cadbury Company Chowk/Eastern Express Highway,0.6611100000000001,20,3.3332,0.7,15.45,-
1016.05,Pokharan No. 1 Road,502+03206,Cadbury Company Chowk/Eastern Express Highway,0.6611100000000001,20,3.5194,0.7,15.2,-
1026.0833333333333,Pokharan No. 1 Road,502+03206,Cadbury Company Chowk/Eastern Express Highway,0.6611100000000001,20,3.6010,0.7,15.09,-
1036.05,Pokharan No. 1 Road,502+03206,Cadbury Company Chowk/Eastern Express Highway,0.6611100000000001,20,3.6373,0.7,15.04,-
1046.05,Pokharan No. 1 Road,502+03206,Cadbury Company Chowk/Eastern Express Highway,0.6611100000000001,20,3.6373,0.7,15.04,-
1056.05,Pokharan No. 1 Road,502+03206,Cadbury Company Chowk/Eastern Express Highway,0.6611100000000001,20,3.6373,0.7,15.04,-
1066.05,Pokharan No. 1 Road,502+03206,Cadbury Company Chowk/Eastern Express Highway,0.6611100000000001,20,3.6373,0.7,15.04,-
1076.05,Pokharan No. 1 Road,502+03206,Cadbury Company Chowk/Eastern Express Highway,0.6611100000000001,20,3.6373,0.7,15.04,-
1086.05,Pokharan No. 1 Road,502+03206,Cadbury Company Chowk/Eastern Express Highway,0.6611100000000001,20,3.6373,0.7,15.04,-
1096.0833333333333,Pokharan No. 1 Road,502+03206,Cadbury Company Chowk/Eastern Express Highway,0.6611100000000001,20,3.6373,0.7,15.04,-
1106.05,Pokharan No. 1 Road,502+03206,Cadbury Company Chowk/Eastern Express Highway,0.6611100000000001,20,4.0819,0.7,14.43,-
1116.05,Pokharan No. 1 Road,502+03206,Cadbury Company Chowk/Eastern Express Highway,0.6611100000000001,20,4.2563,0.7,14.19,-
1126.05,Pokharan No. 1 Road,502+03206,Cadbury Company Chowk/Eastern Express Highway,0.6611100000000001,20,4.3326,0.7,14.08,-
1136.0333333333333,Pokharan No. 1 Road,502+03206,Cadbury Company Chowk/Eastern Express Highway,0.6611100000000001,20,4.3666,0.7,14.04,-
1146.25,Pokharan No. 1 Road,502+03206,Cadbury Company Chowk/Eastern Express Highway,0.6611100000000001,20,4.3666,0.7,14.04,-
1156.05,Pokharan No. 1 Road,502+03206,Cadbury Company Chowk/Eastern Express Highway,0.6611100000000001,20,4.3666,0.7,14.04,-
1166.05,Pokharan No. 1 Road,502+03206,Cadbury Company Chowk/Eastern Express Highway,0.6611100000000001,20,4.3666,0.7,14.04,-
1176.05,Pokharan No. 1 Road,502+03206,Cadbury Company Chowk/Eastern Express Highway,0.6611100000000001,20,4.3666,0.7,14.04,-
1186.05,Pokharan No. 1 Road,502+03206,Cadbury Company Chowk/Eastern Express Highway,0.6611100000000001,20,4.3666,0.7,14.04,-
1196.0833333333333,Pokharan No. 1 Road,502+03206,Cadbury Company Chowk/Eastern Express Highway,0.6611100000000001,20,4.3666,0.7,14.04,-
1206.05,Pokharan No. 1 Road,502+03206,Cadbury Company Chowk/Eastern Express Highway,0.6611100000000001,20,2.5211,0.78,16.56,-
1216.05,Pokharan No. 1 Road,502+03206,Cadbury Company Chowk/Eastern Express Highway,0.6611100000000001,20,3.6338,0.73,15.04,-
1226.05,Pokharan No. 1 Road,502+03206,Cadbury Company Chowk/Eastern Express Highway,0.6611100000000001,20,4.0686,0.71,14.45,-
1236.05,Pokharan No. 1 Road,502+03206,Cadbury Company Chowk/Eastern Express Highway,0.6611100000000001,20,4.2505,0.7,14.2,-
1246.05,Pokharan No. 1 Road,502+03206,Cadbury Company Chowk/Eastern Express Highway,0.6611100000000001,20,4.3301,0.7,14.09,-
1256.05,Pokharan No. 1 Road,502+03206,Cadbury Company Chowk/Eastern Express Highway,0.6611100000000001,20,4.3654,0.7,14.04,-
1266.0833333333333,Pokharan No. 1 Road,502+03206,Cadbury Company Chowk/Eastern Express Highway,0.6611100000000001,20,4.3654,0.7,14.04,-
1276.05,Pokharan No. 1 Road,502+03206,Cadbury Company Chowk/Eastern Express Highway,0.6611100000000001,20,4.3654,0.7,14.04,-
1286.0333333333333,Pokharan No. 1 Road,502+03206,Cadbury Company Chowk/Eastern Express Highway,0.6611100000000001,20,5.2911,0.79,12.76,-
1296.05,Pokharan No. 1 Road,502+03206,Cadbury Company Chowk/Eastern Express Highway,0.6611100000000001,20,4.8174,0.74,13.41,-
1306.0333333333333,Pokharan No. 1 Road,502+03206,Cadbury Company Chowk/Eastern Express Highway,0.6611100000000001,20,3.9461,0.85,14.62,-
1316.2666666666667,Pokharan No. 1 Road,502+03206,Cadbury Company Chowk/Eastern Express Highway,0.6611100000000001,20,4.1981,0.76,14.27,-
1326.05,Pokharan No. 1 Road,502+03206,Cadbury Company Chowk/Eastern Express Highway,0.6611100000000001,20,4.3070,0.73,14.12,-
1336.0333333333333,Pokharan No. 1 Road,502+03206,Cadbury Company Chowk/Eastern Express Highway,0.6611100000000001,20,4.2334,0.72,14.22,-
1346.1666666666667,Pokharan No. 1 Road,502+03206,Cadbury Company Chowk/Eastern Express Highway,0.6611100000000001,20,4.4226,0.71,13.96,-
1356.0333333333333,Pokharan No. 1 Road,502+03206,Cadbury Company Chowk/Eastern Express Highway,0.6611100000000001,20,6.3538,0.78,11.29,-
1366.0666666666666,Pokharan No. 1 Road,502+03206,Cadbury Company Chowk/Eastern Express Highway,0.6611100000000001,20,5.7945,0.74,12.06,-
1376.05,Pokharan No. 1 Road,502+03206,Cadbury Company Chowk/Eastern Express Highway,0.6611100000000001,20,4.8834,0.8,13.32,-
1386.05,Pokharan No. 1 Road,502+03206,Cadbury Company Chowk/Eastern Express Highway,0.6611100000000001,20,4.6197,0.74,13.69,-
1396.1,Pokharan No. 1 Road,502+03206,Cadbury Company Chowk/Eastern Express Highway,0.6611100000000001,20,3.6965,0.77,14.96,-
1406.05,Pokharan No. 1 Road,502+03206,Cadbury Company Chowk/Eastern Express Highway,0.6611100000000001,20,4.0942,0.73,14.41,-
1416.05,Pokharan No. 1 Road,502+03206,Cadbury Company Chowk/Eastern Express Highway,0.6611100000000001,20,4.2616,0.71,14.18,-
1426.05,Pokharan No. 1 Road,502+03206,Cadbury Company Chowk/Eastern Express Highway,0.6611100000000001,20,4.3350,0.7,14.08,-
1436.0833333333333,Pokharan No. 1 Road,502+03206,Cadbury Company Chowk/Eastern Express Highway,0.6611100000000001,20,4.3676,0.7,14.04,-
1446.05,Pokharan No. 1 Road,502+03206,Cadbury Company Chowk/Eastern Express Highway,0.6611100000000001,20,4.3764,0.7,14.02,-
1456.05,Pokharan No. 1 Road,502+03206,Cadbury Company Chowk/Eastern Express Highway,0.6611100000000001,20,4.3764,0.7,14.02,-
1466.1333333333334,Pokharan No. 1 Road,502+03206,Cadbury Company Chowk/Eastern Express Highway,0.6611100000000001,20,4.3764,0.7,14.02,-
1476.05,Pokharan No. 1 Road,502+03206,Cadbury Company Chowk/Eastern Express Highway,0.6611100000000001,20,4.3764,0.7,14.02,-
1486.25,Pokharan No. 1 Road,502+03206,Cadbury Company Chowk/Eastern Express Highway,0.6611100000000001,20,4.3764,0.7,14.02,-
1496.05,Pokharan No. 1 Road,502+03206,Cadbury Company Chowk/Eastern Express Highway,0.6611100000000001,20,4.3764,0.7,14.02,-
1506.05,Pokharan No. 1 Road,502+03206,Cadbury Company Chowk/Eastern Express Highway,0.6611100000000001,20,4.3764,0.7,14.02,-
1516.05,Pokharan No. 1 Road,502+03206,Cadbury Company Chowk/Eastern Express Highway,0.6611100000000001,20,4.4823,0.7,13.88,-
1526.05,Pokharan No. 1 Road,502+03206,Cadbury Company Chowk/Eastern Express Highway,0.6611100000000001,20,4.4339,0.7,13.94,-
1536.05,Pokharan No. 1 Road,502+03206,Cadbury Company Chowk/Eastern Express Highway,0.6611100000000001,20,3.9725,0.72,14.58,-
1546.05,Pokharan No. 1 Road,502+03206,Cadbury Company Chowk/Eastern Express Highway,0.6611100000000001,20,4.2613,0.72,14.18,-
1556.05,Pokharan No. 1 Road,502+03206,Cadbury Company Chowk/Eastern Express Highway,0.6611100000000001,20,4.3349,0.7,14.08,-
1566.05,Pokharan No. 1 Road,502+03206,Cadbury Company Chowk/Eastern Express Highway,0.6611100000000001,20,4.3676,0.7,14.04,-
1576.1833333333334,Pokharan No. 1 Road,502+03206,Cadbury Company Chowk/Eastern Express Highway,0.6611100000000001,20,3.9949,0.73,14.55,-
1586.05,Pokharan No. 1 Road,502+03206,Cadbury Company Chowk/Eastern Express Highway,0.6611100000000001,20,3.7399,0.74,14.9,-
1596.05,Pokharan No. 1 Road,502+03206,Cadbury Company Chowk/Eastern Express Highway,0.6611100000000001,20,4.3765,0.71,14.02,-
1606.1,Pokharan No. 1 Road,502+03206,Cadbury Company Chowk/Eastern Express Highway,0.6611100000000001,20,4.7981,0.7,13.44,-
1616.05,Pokharan No. 1 Road,502+03206,Cadbury Company Chowk/Eastern Express Highway,0.6611100000000001,20,4.9762,0.7,13.19,-
1626.0333333333333,Pokharan No. 1 Road,502+03206,Cadbury Company Chowk/Eastern Express Highway,0.6611100000000001,20,5.2287,0.7,12.84,-
1636.1666666666667,Pokharan No. 1 Road,502+03206,Cadbury Company Chowk/Eastern Express Highway,0.6611100000000001,20,5.1672,0.7,12.93,-
1646.05,Pokharan No. 1 Road,502+03206,Cadbury Company Chowk/Eastern Express Highway,0.6611100000000001,20,5.1393,0.7,12.97,-
1656.4,Pokharan No. 1 Road,502+03206,Cadbury Company Chowk/Eastern Express Highway,0.6611100000000001,20,5.1393,0.7,12.97,-
1666.05,Pokharan No. 1 Road,502+03206,Cadbury Company Chowk/Eastern Express Highway,0.6611100000000001,20,5.1393,0.7,12.97,-
1676.05,Pokharan No. 1 Road,502+03206,Cadbury Company Chowk/Eastern Express Highway,0.6611100000000001,20,5.1393,0.7,12.97,-
1686.0333333333333,Pokharan No. 1 Road,502+03206,Cadbury Company Chowk/Eastern Express Highway,0.6611100000000001,20,6.1249,0.8,11.6,-
1697.0333333333333,Pokharan No. 1 Road,502+03206,Cadbury Company Chowk/Eastern Express Highway,0.6611100000000001,20,5.2447,0.76,12.82,-
1706.0666666666666,Pokharan No. 1 Road,502+03206,Cadbury Company Chowk/Eastern Express Highway,0.6611100000000001,20,4.8719,0.77,13.34,-
1717.0333333333333,Pokharan No. 1 Road,502+03206,Cadbury Company Chowk/Eastern Express Highway,0.6611100000000001,20,5.0082,0.73,13.15,-
1727.05,Pokharan No. 1 Road,502+03206,Cadbury Company Chowk/Eastern Express Highway,0.6611100000000001,20,5.0415,0.73,13.1,-
1737.05,Pokharan No. 1 Road,502+03206,Cadbury Company Chowk/Eastern Express Highway,0.6611100000000001,20,4.6953,0.71,13.58,-
1747.0333333333333,Pokharan No. 1 Road,502+03206,Cadbury Company Chowk/Eastern Express Highway,0.6611100000000001,20,4.5315,0.7,13.81,-
1756.0333333333333,Pokharan No. 1 Road,502+03206,Cadbury Company Chowk/Eastern Express Highway,0.6611100000000001,20,4.4562,0.7,13.91,-
1767.05,Pokharan No. 1 Road,502+03206,Cadbury Company Chowk/Eastern Express Highway,0.6611100000000001,20,4.4220,0.7,13.96,-
1776.0666666666666,Pokharan No. 1 Road,502+03206,Cadbury Company Chowk/Eastern Express Highway,0.6611100000000001,20,4.1797,0.7,14.3,-
1787.0333333333333,Pokharan No. 1 Road,502+03206,Cadbury Company Chowk/Eastern Express Highway,0.6611100000000001,20,3.9043,0.7,14.68,-
1796.15,Pokharan No. 1 Road,502+03206,Cadbury Company Chowk/Eastern Express Highway,0.6611100000000001,20,3.5408,0.78,15.17,-
1806.05,Pokharan No. 1 Road,502+03206,Cadbury Company Chowk/Eastern Express Highway,0.6611100000000001,20,3.8387,0.74,14.77,-
1816.05,Pokharan No. 1 Road,502+03206,Cadbury Company Chowk/Eastern Express Highway,0.6611100000000001,20,3.7446,0.71,14.89,-
1826.25,Pokharan No. 1 Road,502+03206,Cadbury Company Chowk/Eastern Express Highway,0.6611100000000001,20,3.7017,0.7,14.95,-
1837.05,Pokharan No. 1 Road,502+03206,Cadbury Company Chowk/Eastern Express Highway,0.6611100000000001,20,3.4514,0.7,15.29,-
1847.05,Pokharan No. 1 Road,502+03206,Cadbury Company Chowk/Eastern Express Highway,0.6611100000000001,20,3.1717,0.7,15.67,-
1856.05,Pokharan No. 1 Road,502+03206,Cadbury Company Chowk/Eastern Express Highway,0.6611100000000001,20,3.0415,0.7,15.85,-
1867.05,Pokharan No. 1 Road,502+03206,Cadbury Company Chowk/Eastern Express Highway,0.6611100000000001,20,2.9821,0.7,15.93,-
1876.0833333333333,Pokharan No. 1 Road,502+03206,Cadbury Company Chowk/Eastern Express Highway,0.6611100000000001,20,2.9553,0.7,15.97,-
1887.05,Pokharan No. 1 Road,502+03206,Cadbury Company Chowk/Eastern Express Highway,0.6611100000000001,20,1.8268,0.7,17.51,-
1897.0333333333333,Pokharan No. 1 Road,502+03206,Cadbury Company Chowk/Eastern Express Highway,0.6611100000000001,20,1.0296,0.7,18.6,-
1907.0333333333333,Pokharan No. 1 Road,502+03206,Cadbury Company Chowk/Eastern Express Highway,0.6611100000000001,20,0.4808,0.7,19.34,-
1917.0666666666666,Pokharan No. 1 Road,502+03206,Cadbury Company Chowk/Eastern Express Highway,0.6611100000000001,20,0,0.7,20.22,-
1927.0833333333333,Pokharan No. 1 Road,502+03206,Cadbury Company Chowk/Eastern Express Highway,0.6611100000000001,20,0,0.7,20.64,-
1937.0333333333333,Pokharan No. 1 Road,502+03206,Cadbury Company Chowk/Eastern Express Highway,0.6611100000000001,20,0,0.7,20.84,-
1947.0333333333333,Pokharan No. 1 Road,502+03206,Cadbury Company Chowk/Eastern Express Highway,0.6611100000000001,20,0,0.7,20.93,-
1956.0333333333333,Pokharan No. 1 Road,502+03206,Cadbury Company Chowk/Eastern Express Highway,0.6611100000000001,20,0,0.7,20.97,-
1967.0333333333333,Pokharan No. 1 Road,502+03206,Cadbury Company Chowk/Eastern Express Highway,0.6611100000000001,20,0,0.7,20.98,-
1977.05,Pokharan No. 1 Road,502+03206,Cadbury Company Chowk/Eastern Express Highway,0.6611100000000001,20,0,0.7,20.98,-
1987.05,Pokharan No. 1 Road,502+03206,Cadbury Company Chowk/Eastern Express Highway,0.6611100000000001,20,0,0.7,21.0,-
1997.0833333333333,Pokharan No. 1 Road,502+03206,Cadbury Company Chowk/Eastern Express Highway,0.6611100000000001,20,0,0.7,21.0,-
2007.05,Pokharan No. 1 Road,502+03206,Cadbury Company Chowk/Eastern Express Highway,0.6611100000000001,20,0,0.7,21.0,-
2017.05,Pokharan No. 1 Road,502+03206,Cadbury Company Chowk/Eastern Express Highway,0.6611100000000001,20,0,0.7,21.0,-
2027.0333333333333,Pokharan No. 1 Road,502+03206,Cadbury Company Chowk/Eastern Express Highway,0.6611100000000001,20,0,0.7,21.0,-
2037.05,Pokharan No. 1 Road,502+03206,Cadbury Company Chowk/Eastern Express Highway,0.6611100000000001,20,0,0.7,21.0,-
2046.0833333333333,Pokharan No. 1 Road,502+03206,Cadbury Company Chowk/Eastern Express Highway,0.6611100000000001,20,0,0.7,21.0,-
2057.0333333333333,Pokharan No. 1 Road,502+03206,Cadbury Company Chowk/Eastern Express Highway,0.6611100000000001,20,0,0.7,21.0,-
2067.05,Pokharan No. 1 Road,502+03206,Cadbury Company Chowk/Eastern Express Highway,0.6611100000000001,20,0,0.76,23.23,-
2077.0333333333333,Pokharan No. 1 Road,502+03206,Cadbury Company Chowk/Eastern Express Highway,0.6611100000000001,20,0,0.73,21.95,-
2087.05,Pokharan No. 1 Road,502+03206,Cadbury Company Chowk/Eastern Express Highway,0.6611100000000001,20,0,0.71,21.41,-
2097.0666666666666,Pokharan No. 1 Road,502+03206,Cadbury Company Chowk/Eastern Express Highway,0.6611100000000001,20,0,0.7,21.28,-
2106.0333333333333,Pokharan No. 1 Road,502+03206,Cadbury Company Chowk/Eastern Express Highway,0.6611100000000001,20,0,0.7,21.28,-
2117.05,Pokharan No. 1 Road,502+03206,Cadbury Company Chowk/Eastern Express Highway,0.6611100000000001,20,0,0.7,21.28,-
2127.05,Pokharan No. 1 Road,502+03206,Cadbury Company Chowk/Eastern Express Highway,0.6611100000000001,20,0,0.7,21.28,-
2137.05,Pokharan No. 1 Road,502+03206,Cadbury Company Chowk/Eastern Express Highway,0.6611100000000001,20,0,0.7,21.28,-
2147.05,Pokharan No. 1 Road,502+03206,Cadbury Company Chowk/Eastern Express Highway,0.6611100000000001,20,0,0.7,21.28,-
2157.116666666667,Pokharan No. 1 Road,502+03206,Cadbury Company Chowk/Eastern Express Highway,0.6611100000000001,20,0,0.7,21.28,-
2167.0833333333335,Pokharan No. 1 Road,502+03206,Cadbury Company Chowk/Eastern Express Highway,0.6611100000000001,20,0,0.7,21.28,-
2177.05,Pokharan No. 1 Road,502+03206,Cadbury Company Chowk/Eastern Express Highway,0.6611100000000001,20,0,0.7,21.28,-
2187.05,Pokharan No. 1 Road,502+03206,Cadbury Company Chowk/Eastern Express Highway,0.6611100000000001,20,0,0.7,21.28,-
2197.0333333333333,Pokharan No. 1 Road,502+03206,Cadbury Company Chowk/Eastern Express Highway,0.6611100000000001,20,0,0.7,21.28,-
2207.05,Pokharan No. 1 Road,502+03206,Cadbury Company Chowk/Eastern Express Highway,0.6611100000000001,20,0,0.7,21.28,-
2216.0833333333335,Pokharan No. 1 Road,502+03206,Cadbury Company Chowk/Eastern Express Highway,0.6611100000000001,20,0,0.7,21.28,-
2227.05,Pokharan No. 1 Road,502+03206,Cadbury Company Chowk/Eastern Express Highway,0.6611100000000001,20,0,0.7,21.28,-
2237.05,Pokharan No. 1 Road,502+03206,Cadbury Company Chowk/Eastern Express Highway,0.6611100000000001,20,0,0.7,21.28,-
2247.0333333333333,Pokharan No. 1 Road,502+03206,Cadbury Company Chowk/Eastern Express Highway,0.6611100000000001,20,0,0.7,21.28,-
2257.05,Pokharan No. 1 Road,502+03206,Cadbury Company Chowk/Eastern Express Highway,0.6611100000000001,20,0,0.7,21.28,-
2267.0833333333335,Pokharan No. 1 Road,502+03206,Cadbury Company Chowk/Eastern Express Highway,0.6611100000000001,20,0,0.7,21.28,-
2277.05,Pokharan No. 1 Road,502+03206,Cadbury Company Chowk/Eastern Express Highway,0.6611100000000001,20,0,0.7,21.28,-
2287.05,Pokharan No. 1 Road,502+03206,Cadbury Company Chowk/Eastern Express Highway,0.6611100000000001,20,0,0.7,21.28,-
2297.05,Pokharan No. 1 Road,502+03206,Cadbury Company Chowk/Eastern Express Highway,0.6611100000000001,20,0,0.79,24.05,-
2307.05,Pokharan No. 1 Road,502+03206,Cadbury Company Chowk/Eastern Express Highway,0.6611100000000001,20,0,0.74,22.27,-
2317.05,Pokharan No. 1 Road,502+03206,Cadbury Company Chowk/Eastern Express Highway,0.6611100000000001,20,0,0.71,21.55,-
2327.05,Pokharan No. 1 Road,502+03206,Cadbury Company Chowk/Eastern Express Highway,0.6611100000000001,20,0,0.7,21.24,-
2337.0833333333335,Pokharan No. 1 Road,502+03206,Cadbury Company Chowk/Eastern Express Highway,0.6611100000000001,20,0,0.73,21.56,-
2347.05,Pokharan No. 1 Road,502+03206,Cadbury Company Chowk/Eastern Express Highway,0.6611100000000001,20,0,0.71,21.25,-
2357.05,Pokharan No. 1 Road,502+03206,Cadbury Company Chowk/Eastern Express Highway,0.6611100000000001,20,0,0.7,21.11,-
2367.0333333333333,Pokharan No. 1 Road,502+03206,Cadbury Company Chowk/Eastern Express Highway,0.6611100000000001,20,0,0.7,20.48,-
2377.05,Pokharan No. 1 Road,502+03206,Cadbury Company Chowk/Eastern Express Highway,0.6611100000000001,20,0,0.7,20.21,-
2386.0666666666666,Pokharan No. 1 Road,502+03206,Cadbury Company Chowk/Eastern Express Highway,0.6611100000000001,20,0,0.7,20.1,-
2397.05,Pokharan No. 1 Road,502+03206,Cadbury Company Chowk/Eastern Express Highway,0.6611100000000001,20,0.3837,0.7,19.48,-
2407.05,Pokharan No. 1 Road,502+03206,Cadbury Company Chowk/Eastern Express Highway,0.6611100000000001,20,0.5785,0.7,19.21,-
2417.0333333333333,Pokharan No. 1 Road,502+03206,Cadbury Company Chowk/Eastern Express Highway,0.6611100000000001,20,0.6642,0.7,19.09,-
2427.05,Pokharan No. 1 Road,502+03206,Cadbury Company Chowk/Eastern Express Highway,0.6611100000000001,20,1.1181,0.7,18.48,-
2437.0833333333335,Pokharan No. 1 Road,502+03206,Cadbury Company Chowk/Eastern Express Highway,0.6611100000000001,20,1.5696,0.7,17.86,-
2447.05,Pokharan No. 1 Road,502+03206,Cadbury Company Chowk/Eastern Express Highway,0.6611100000000001,20,1.9247,0.7,17.38,-
2457.0333333333333,Pokharan No. 1 Road,502+03206,Cadbury Company Chowk/Eastern Express Highway,0.6611100000000001,20,2.0779,0.7,17.17,-
2467.05,Pokharan No. 1 Road,502+03206,Cadbury Company Chowk/Eastern Express Highway,0.6611100000000001,20,2.2392,0.7,16.95,-
2477.05,Pokharan No. 1 Road,502+03206,Cadbury Company Chowk/Eastern Express Highway,0.6611100000000001,20,2.2176,0.7,16.98,-
2487.05,Pokharan No. 1 Road,502+03206,Cadbury Company Chowk/Eastern Express Highway,0.6611100000000001,20,2.2176,0.7,16.98,-
2497.0833333333335,Pokharan No. 1 Road,502+03206,Cadbury Company Chowk/Eastern Express Highway,0.6611100000000001,20,2.4553,0.7,16.65,-
2507.0833333333335,Pokharan No. 1 Road,502+03206,Cadbury Company Chowk/Eastern Express Highway,0.6611100000000001,20,2.7234,0.7,16.29,-
2517.05,Pokharan No. 1 Road,502+03206,Cadbury Company Chowk/Eastern Express Highway,0.6611100000000001,20,2.8400,0.7,16.13,-
2527.133333333333,Pokharan No. 1 Road,502+03206,Cadbury Company Chowk/Eastern Express Highway,0.6611100000000001,20,1.8255,0.74,17.51,-
2537.0333333333333,Pokharan No. 1 Road,502+03206,Cadbury Company Chowk/Eastern Express Highway,0.6611100000000001,20,2.3628,0.72,16.78,-
2547.05,Pokharan No. 1 Road,502+03206,Cadbury Company Chowk/Eastern Express Highway,0.6611100000000001,20,3.1172,0.71,15.75,-
2556.0666666666666,Pokharan No. 1 Road,502+03206,Cadbury Company Chowk/Eastern Express Highway,0.6611100000000001,20,3.4266,0.7,15.33,-
2567.15,Pokharan No. 1 Road,502+03206,Cadbury Company Chowk/Eastern Express Highway,0.6611100000000001,20,3.5602,0.7,15.15,-
2577.016666666667,Pokharan No. 1 Road,502+03206,Cadbury Company Chowk/Eastern Express Highway,0.6611100000000001,20,3.6191,0.7,15.06,-
2587.15,Pokharan No. 1 Road,502+03206,Cadbury Company Chowk/Eastern Express Highway,0.6611100000000001,20,3.6453,0.7,15.03,-
2597.0333333333333,Pokharan No. 1 Road,502+03206,Cadbury Company Chowk/Eastern Express Highway,0.6611100000000001,20,3.5929,0.71,15.1,-
2607.0666666666666,Pokharan No. 1 Road,502+03206,Cadbury Company Chowk/Eastern Express Highway,0.6611100000000001,20,4.0519,0.7,14.47,-
2617.05,Pokharan No. 1 Road,502+03206,Cadbury Company Chowk/Eastern Express Highway,0.6611100000000001,20,4.2433,0.7,14.21,-
2627.0333333333333,Pokharan No. 1 Road,502+03206,Cadbury Company Chowk/Eastern Express Highway,0.6611100000000001,20,4.3269,0.7,14.09,-
2637.05,Pokharan No. 1 Road,502+03206,Cadbury Company Chowk/Eastern Express Highway,0.6611100000000001,20,4.3640,0.7,14.04,-
2647.0333333333333,Pokharan No. 1 Road,502+03206,Cadbury Company Chowk/Eastern Express Highway,0.6611100000000001,20,4.3640,0.7,14.04,-
2657.116666666667,Pokharan No. 1 Road,502+03206,Cadbury Company Chowk/Eastern Express Highway,0.6611100000000001,20,4.3640,0.7,14.04,-
2667.05,Pokharan No. 1 Road,502+03206,Cadbury Company Chowk/Eastern Express Highway,0.6611100000000001,20,4.3640,0.7,14.04,-
2677.05,Pokharan No. 1 Road,502+03206,Cadbury Company Chowk/Eastern Express Highway,0.6611100000000001,20,4.3640,0.7,14.04,-
2687.0333333333333,Pokharan No. 1 Road,502+03206,Cadbury Company Chowk/Eastern Express Highway,0.6611100000000001,20,4.3640,0.7,14.04,-
2697.05,Pokharan No. 1 Road,502+03206,Cadbury Company Chowk/Eastern Express Highway,0.6611100000000001,20,4.3640,0.7,14.04,-
2707.0333333333333,Pokharan No. 1 Road,502+03206,Cadbury Company Chowk/Eastern Express Highway,0.6611100000000001,20,6.2413,0.74,11.44,-
2717.05,Pokharan No. 1 Road,502+03206,Cadbury Company Chowk/Eastern Express Highway,0.6611100000000001,20,5.3161,0.71,12.72,-
2726.0666666666666,Pokharan No. 1 Road,502+03206,Cadbury Company Chowk/Eastern Express Highway,0.6611100000000001,20,4.8298,0.7,13.4,-
2737.0666666666666,Pokharan No. 1 Road,502+03206,Cadbury Company Chowk/Eastern Express Highway,0.6611100000000001,20,4.5944,0.7,13.72,-
2747.016666666667,Pokharan No. 1 Road,502+03206,Cadbury Company Chowk/Eastern Express Highway,0.6611100000000001,20,4.4850,0.7,13.87,-
2757.0333333333333,Pokharan No. 1 Road,502+03206,Cadbury Company Chowk/Eastern Express Highway,0.6611100000000001,20,4.4351,0.7,13.94,-
2767.0333333333333,Pokharan No. 1 Road,502+03206,Cadbury Company Chowk/Eastern Express Highway,0.6611100000000001,20,4.4216,0.7,13.96,-
